{"cameraMode":{"drawMode":0,"name":"Shaded","section":"Shading Mode"},"sceneLighting":false,"audioPlay":false,"sceneViewState":{"showFog":true,"showMaterialUpdate":false,"showSkybox":true,"showFlares":true,"showImageEffects":true,"showParticleSystems":true},"in2DMode":false,"pivot":{"x":19.410696029663087,"y":26.253498077392579,"z":-130.6403350830078},"rotation":{"x":0.01471769344061613,"y":0.9834828972816467,"z":-0.09321556985378266,"w":0.15469008684158326},"size":120.1007080078125,"orthographic":false}