{"cameraMode":{"drawMode":0,"name":"Shaded","section":"Shading Mode"},"sceneLighting":false,"audioPlay":false,"sceneViewState":{"showFog":true,"showMaterialUpdate":false,"showSkybox":true,"showFlares":true,"showImageEffects":true,"showParticleSystems":true},"in2DMode":false,"pivot":{"x":44.46781539916992,"y":-37.59354019165039,"z":20.08419418334961},"rotation":{"x":-0.03468182682991028,"y":0.6366313099861145,"z":-0.028667280450463296,"w":-0.7699397802352905},"size":33.08095169067383,"orthographic":false}