{"cameraMode":{"drawMode":0,"name":"Shaded","section":"Shading Mode"},"sceneLighting":false,"audioPlay":false,"sceneViewState":{"showFog":true,"showMaterialUpdate":false,"showSkybox":true,"showFlares":true,"showImageEffects":true,"showParticleSystems":true},"in2DMode":false,"pivot":{"x":-40.17236328125,"y":32.68604278564453,"z":34.299957275390628},"rotation":{"x":-0.3029446601867676,"y":0.6318143010139465,"z":-0.29452863335609438,"w":-0.64988774061203},"size":257.7037353515625,"orthographic":false}