{"cameraMode":{"drawMode":0,"name":"Shaded","section":"Shading Mode"},"sceneLighting":false,"audioPlay":false,"sceneViewState":{"showFog":true,"showMaterialUpdate":false,"showSkybox":true,"showFlares":true,"showImageEffects":true,"showParticleSystems":true},"in2DMode":false,"pivot":{"x":48.38893127441406,"y":33.855159759521487,"z":34.86447525024414},"rotation":{"x":-0.1417451798915863,"y":0.6969814896583557,"z":-0.14353947341442109,"w":-0.6882409453392029},"size":2.7742793560028078,"orthographic":false}