{"cameraMode":{"drawMode":0,"name":"Shaded","section":"Shading Mode"},"sceneLighting":false,"audioPlay":false,"sceneViewState":{"showFog":true,"showMaterialUpdate":false,"showSkybox":true,"showFlares":true,"showImageEffects":true,"showParticleSystems":true},"in2DMode":false,"pivot":{"x":-7.300000190734863,"y":4.691986083984375,"z":30.599998474121095},"rotation":{"x":-0.15239185094833375,"y":-0.16257737576961518,"z":0.02543184719979763,"w":-0.9746031165122986},"size":149.35011291503907,"orthographic":false}