{"cameraMode":{"drawMode":0,"name":"Shaded","section":"Shading Mode"},"sceneLighting":false,"audioPlay":false,"sceneViewState":{"showFog":true,"showMaterialUpdate":false,"showSkybox":true,"showFlares":true,"showImageEffects":true,"showParticleSystems":true},"in2DMode":false,"pivot":{"x":-15.40439510345459,"y":-15.948451042175293,"z":-68.45379638671875},"rotation":{"x":-0.029320526868104936,"y":0.5892412066459656,"z":-0.021403154358267785,"w":-0.8071468472480774},"size":268.5254821777344,"orthographic":false}